platform,type,author,url,timestamp,engagement_likes,engagement_comments,engagement_shares,text,rating,app_version,sentiment_polarity,sentiment_subjectivity,sentiment_label
Google Play,review,Hemant Bharti,,2026-02-02 04:29:04+00:00,0,0,0,crazy app for sharping mind,5.0,1.18.300,0.3,0.9,positive
Google Play,review,Khushneet Kaur,,2026-02-01 23:11:18+00:00,0,0,0,"seems like the app was built for desktop players, it's design is not responsive, can't move ahead from the second how to play screen on all four game options. the info box hides at the bottom of the screen on my mobile app. Fix this yaar, the ui is so good, total bummer!",1.0,1.17.300,0.07499999999999998,0.4375,positive
Google Play,review,Smarpit Dhiman,,2026-02-01 19:20:33+00:00,0,0,0,i swear if I had money on me I would pay for all this open source üò≠ appreciate the work man love you ‚ù§Ô∏è,5.0,1.17.300,0.25,0.55,positive
Google Play,review,Akshay Appu,,2026-02-01 16:13:20+00:00,0,0,0,great game,4.0,1.18.200,0.2,0.575,positive
Google Play,review,Netra Patel,,2026-02-01 12:01:55+00:00,0,0,0,so good üëç üëè,5.0,,0.7,0.6000000000000001,positive
Google Play,review,Gurleen Singh,,2026-02-01 10:20:12+00:00,0,0,0,icon not displayed in the material you icon theming. only a circular disk is visible and nothing else.,2.0,1.17.300,0.0,1.0,neutral
LinkedIn,social,Priya Sharma,https://www.linkedin.com/feed/update/urn:li:activity:demo1,2026-02-01 10:00:00+00:00,24,3,0,Matiks is one of the most engaging math apps I've used. Great for quick practice and building consistency. #EdTech #Matiks,,,0.5083333333333334,0.6125,positive
Google Play,review,Anvi Shaurya,,2026-01-31 16:07:20+00:00,0,0,0,Really I love the competition in this game..... mind khul jata hai.... Maths puzzle itna fastly solve karna kya khatarnak compitition hai maza aa gya üëç‚ù§Ô∏è,5.0,1.18.200,0.39999999999999997,0.5333333333333333,positive
Apple App Store,review,MohanMatiks,,2026-01-31 15:39:02+00:00,0,0,0,The only app in my Phone that is worth spending time on,5.0,1.18.100,0.15,0.55,positive
Google Play,review,Tejas Prajapati,,2026-01-31 13:52:55+00:00,0,0,0,"everything is good until the puzzle allowed snapshot or screen shot, globally the game player take the screen shot then solve the puzzle after they within seconds post a solution and secure top score, developer have to restricted snapshot or the time lap continue even after closing app",4.0,1.18.200,0.24,0.42000000000000004,positive
Google Play,review,abhishek kumar,,2026-01-31 10:37:06+00:00,0,0,0,Best way to spend your time on screen .,5.0,1.17.300,1.0,0.3,positive
Google Play,review,HELLO I AM NISHANT,,2026-01-31 10:19:14+00:00,0,0,0,"best app to improve your memory , math solving skills and many more üëçüëè",5.0,1.17.300,0.6666666666666666,0.43333333333333335,positive
Google Play,review,Zidan Bhai,,2026-01-31 09:09:58+00:00,0,0,0,I haven't played the game yet but I will I'm rating this because of the advertisement the creative team and the advertisement team went all out hope the game is also good,5.0,1.18.200,0.09999999999999998,0.6,positive
Google Play,review,Vinayak Dev,,2026-01-31 06:20:29+00:00,0,0,0,"such a premium app, I love it",5.0,1.17.300,0.25,0.55,positive
Google Play,review,Samridhi,,2026-01-30 20:55:33+00:00,0,0,0,"it's a great app tbh , but after few uses it keeps me showing the tutorial pop ups and it doesn't go away , there's some glitch in ui , it's really frustrating coz it hasn't changed since then.",2.0,1.17.300,0.0666666666666667,0.5833333333333334,positive
Google Play,review,Hitansh Vora,,2026-01-30 19:36:51+00:00,0,0,0,"I love this game. However, there is still some room for improvement, you could add an option for local multiplayer, the ui looks good but it can be simplified, it would be better if you would add a detailed tutorial on how to play the game / solve. Nice concept please keep improving this app üíñ",5.0,1.17.300,0.2375,0.53125,positive
Google Play,review,Sathyapriya Nagarajan,,2026-01-30 17:51:02+00:00,0,0,0,The best game to play with zero guilt as the learning takes place along with fun. Would suggest this game to all Math lovers and Nerds out there,5.0,1.18.200,0.12499999999999997,0.32499999999999996,positive
Google Play,review,Kanaram Sindra,,2026-01-30 14:42:43+00:00,0,0,0,worst app no proper justification any issue,1.0,,-0.5,0.55,negative
Twitter/X,social,mathgeek99,https://twitter.com/mathgeek99/status/1234567891,2026-01-30 09:15:00+00:00,18,5,1,"@Matiks has completely changed how I practice mental math. Used to hate numbers, now I do 10-minute duels daily. Highly recommend! üß†‚ú®",,,0.38,0.40800000000000003,positive
Google Play,review,Yamuna V B,,2026-01-30 07:06:54+00:00,0,0,0,excellent,5.0,,1.0,1.0,positive
Google Play,review,Vansh Jain,,2026-01-29 21:03:34+00:00,0,0,0,this game is so good and it is made by one of our fellow iitians,5.0,,0.14999999999999997,0.5,positive
Google Play,review,Rutvij Kulkarni,,2026-01-29 20:26:04+00:00,0,0,0,"I liked it a lot! it's been helping me take detox from the reels and social media. Thanks a lot , dev team!",5.0,1.18.200,0.3444444444444444,0.35555555555555557,positive
Google Play,review,Bijoy J,,2026-01-29 15:47:07+00:00,0,0,0,"Encountered an issue in the app. Sent an email and 3 follow-up emails. No reply received till date. Zero user support. Update 1: Received a reply after 10 days. Update 2: Last mail on 27 Nov, 2025 and still no reply till date. Update 3: Submitted via feedback form in app as developer suggested. No response from there also.",1.0,1.17.300,0.0,0.06666666666666667,neutral
Google Play,review,Kavita Kumari,,2026-01-29 15:36:44+00:00,0,0,0,"worst app, not letting me to play . Also not letting me to log out",1.0,,-1.0,1.0,negative
Google Play,review,Veteran Ronin,,2026-01-28 18:32:37+00:00,0,0,0,very impressive,5.0,1.17.300,1.0,1.0,positive
Twitter/X,social,growthhacker,https://twitter.com/growthhacker/status/1234567892,2026-01-28 16:45:00+00:00,3,1,0,The gamification in @Matiks is brilliant. My kids actually ask to practice math now. That's a win! üéØ,,,0.6333333333333333,0.5,positive
Google Play,review,ANJALI GAMI,,2026-01-28 16:32:47+00:00,0,0,0,bahut badhiya game hai,5.0,1.17.300,0.2,0.4,positive
LinkedIn,social,Rahul Verma,https://www.linkedin.com/feed/update/urn:li:activity:demo2,2026-01-28 14:30:00+00:00,18,5,0,Just hit 100 days streak on Matiks! The team even sent a cake üéÇ. Best way to stay sharp with numbers. Highly recommend.,,,0.845,0.5299999999999999,positive
Twitter/X,social,mathgeek99,https://twitter.com/mathgeek99/status/1234567891,2026-01-28 14:30:00+00:00,18,5,1,Just hit 1500 rating on @Matiks! Anyone else playing this?,,,0.0,0.0,neutral
Google Play,review,Syed Anas Wajid,,2026-01-28 08:38:47+00:00,0,0,0,"People need to download this, this is so amazing. 15-30 minutes of your day and you feel focused. Amazing! (Need more challenges)",5.0,,0.6166666666666667,0.7666666666666666,positive
Google Play,review,Dipayan Mallick,,2026-01-27 20:00:54+00:00,0,0,0,it's fun and addictive man...came from a reel and it's god was it amazing,5.0,1.17.300,0.8,0.6666666666666666,positive
Google Play,review,Srihari Vernekar,,2026-01-27 18:39:23+00:00,0,0,0,"This is an incredible app. As a junior software engineer who is learning and building software, this project has become a real inspiration for me. The UI/UX and features are absolutely top-notch. If the developer happens to read this, I would love to connect and learn more under your guidance. Thank you for building something so inspiring.",5.0,1.17.300,0.6,0.7166666666666668,positive
Google Play,review,Shubham Pandey,,2026-01-27 15:10:38+00:00,0,0,0,The promo was great. It caused me to immediately download the app üòÖ,5.0,1.17.300,0.8,0.75,positive
Google Play,review,Vendrerigal ‡Æµ‡ØÜ‡Æ©‡Øç‡Æ±‡Øá‡Æ±‡Æø‡Æï‡Æ≥‡Øç,,2026-01-27 08:08:46+00:00,0,0,0,"As of now it's good, since just now I downloaded this‚Ä¶",5.0,1.17.300,1.2,0.6000000000000001,positive
Apple App Store,review,Val12344949595,,2026-01-26 12:03:00+00:00,0,0,0,"At first with the low amount of reviews I was skeptical, spending more time, looking into the game and playing it, it turns out this game is actually really fun. My favorite game mode is the memory battles. I like how this app gives me the vibes of both Duolingo with their mascot and the streak feature aswell as chess.com with their Elo type ranking system. Very fun game, and I like the features, although idk how they make money because I didn‚Äôt get ads.",5.0,1.18.100,-0.014545454545454554,0.4266666666666667,neutral
Google Play,review,Bimla Rani,,2026-01-25 20:16:14+00:00,0,0,0,didn't work properly ..,2.0,1.17.300,0.0,0.1,neutral
Google Play,review,Hrushikesh Koppula,,2026-01-25 19:21:09+00:00,0,0,0,it was for the best,5.0,1.17.300,1.0,0.3,positive
Twitter/X,social,edutech_daily,https://twitter.com/edutech_daily/status/1234567893,2026-01-25 11:20:00+00:00,45,8,15,Comparing @Matiks vs other math apps - the speed and accuracy focus is unmatched. The 1-minute duels are addictive! ‚ö°,,,0.4375,0.6375,positive
Google Play,review,Jaipal singh Singh,,2026-01-25 10:15:06+00:00,0,0,0,gg for increasing maths speed,5.0,1.17.300,0.0,0.0,neutral
LinkedIn,social,Anita Krishnan,https://www.linkedin.com/feed/update/urn:li:activity:demo3,2026-01-25 09:15:00+00:00,12,2,0,"If you're looking for a math practice app that doesn't feel like homework, try Matiks. 1-min duels are addictive in a good way.",,,0.85,0.75,positive
Apple App Store,review,LanternBatman,,2026-01-25 03:22:30+00:00,0,0,0,"The games in the app are fine, they are a nice collection of puzzles for which I had to download about 3 apps on Android. No issues in that department.

Where it really suck is devs pushing updates regularly to time your gameplay and it‚Äôs so frustrating to see it go from good to worse to good to worse. I mean make up your minds guys, it is extremely frustrating when one update allows you to talk and the time doesn‚Äôt counts but the next update factors the time doing other things since you started the game and switched to other apps. And then you have people who didn‚Äôt update and are using the exploits to complete puzzles impossibly in one second by restarting.

The timer optimisations and bug fixes are frustrating and if this goes on, I am uninstalling the game. I will not update your app every day because you are incompetent.",1.0,1.18.100,-0.07916666666666668,0.5181471306471307,negative
Google Play,review,Tanisha Garg,,2026-01-24 18:45:11+00:00,0,0,0,the ad was fabulous about dopamine the main reason i downloaded the app was the ad,5.0,,0.2833333333333333,0.6666666666666666,positive
Google Play,review,Sahil Parab,,2026-01-24 17:57:49+00:00,0,0,0,"Changed my review from 5 to 2 star. Because this app is filled with bugs and glitches. Freezes midway, starts late and sometimes the whole app crashes. Don't know why aren't the developers addressing this. Don't know!",2.0,1.17.300,0.11666666666666668,0.6333333333333333,positive
Google Play,review,HIMANSHU (AKSHAY),,2026-01-24 17:37:11+00:00,0,0,0,"great app idea, I liked it. best app to start 2026",4.0,1.17.300,0.7999999999999999,0.6166666666666667,positive
Apple App Store,review,_Fury117,,2026-01-24 14:00:22+00:00,0,0,0,"Very clean app and GUI. No ads. Great competitive experience. Memory games could been better. And fastest fingers duel seems to have inconsistent matches. Other than that, its an awesome app. Addicted!",4.0,1.17.200,0.35861111111111116,0.6891666666666666,positive
Google Play,review,Shiven Brar,,2026-01-23 21:55:41+00:00,0,0,0,"Really Really Addictive and i love the puzzles, You must add that thing like when we want to edit a particular digit like i wrote the last digits suppose 20 and answer is 320 so i have to write the whole thing so add that option where I can jump from 20 and write 3 in front",4.0,1.17.300,0.6733333333333333,0.45999999999999996,positive
Google Play,review,Rohit Kumar,,2026-01-23 13:43:09+00:00,0,0,0,"good to see that you can make a boring mind game so addictive... , love to see this concept, but maybe devs should add some more interaction features in this app like chatting while playing or clans or messaging features, overall the game is good.",5.0,1.17.300,0.5666666666666667,0.5555555555555556,positive
Google Play,review,Vishnu Manepalli,,2026-01-23 10:49:02+00:00,0,0,0,good design. helps for people who want to improve quick thinking.,5.0,1.17.300,0.5166666666666666,0.55,positive
Google Play,review,Shourya Singh,,2026-01-22 22:52:51+00:00,0,0,0,pls fix bug on chat option,4.0,1.17.300,0.0,0.0,neutral
Google Play,review,Udoy Daimari,,2026-01-22 18:19:24+00:00,0,0,0,best for those who don't no mathematics,5.0,1.17.300,1.0,0.3,positive
Twitter/X,social,edutech_daily,https://twitter.com/edutech_daily/status/1234567893,2026-01-22 10:15:00+00:00,45,8,15,Matiks is changing the game for quick math practice. Highly recommend! üíØ,,,0.5444444444444444,0.48,positive
Google Play,review,Srinivas Koushik Ganti,,2026-01-21 22:00:01+00:00,0,0,0,what is SUM of squares of 86 isn't it 100 I am not able to understand this in classical the response from Developers is very fast I like it being a Developer I know how it works thanks for that update please check clgs in your database there is some issue with it it's not getting updated when I am trying to add one the page is flickering and that it and app is really impressive.,5.0,1.17.300,0.242,0.521,positive
Google Play,review,Jyoti Pathe,,2026-01-21 17:45:48+00:00,0,0,0,this app is good but the reason I am giving it 1 star Is because when I type fast it registers only 1 number like if I type 20 it only shows 0. this game deserves 5 star but because of this reason it doesn't,1.0,1.17.300,0.09999999999999998,0.72,positive
Google Play,review,Vikas Jakhar,,2026-01-21 16:48:21+00:00,0,0,0,this app is overall good But i have a question when i am inside the app and i try to change the volume why this app changing my call volume instead of normal one??? fix it its so annoying i cant listen music while using this app.,5.0,1.17.300,0.012499999999999983,0.5375,neutral
Google Play,review,Raman Rawat,,2026-01-21 16:13:47+00:00,0,0,0,its going out of my mobile's screen size. samsung s21 fe,1.0,1.17.300,0.0,0.0,neutral
Google Play,review,Saswati Biswas,,2026-01-21 07:29:04+00:00,0,0,0,"Well, the game is awesome for practicing maths, and your memory skills but it has one problem, the texts that I write to my online friends and the texts that they write both kinda disappear automatically and I don't know if it is a problem with just my phone or there is a problem with the game's texting system, so it's my request if you would please look into the matter.",4.0,1.17.300,0.06666666666666665,0.6,positive
Google Play,review,Ye,,2026-01-20 14:43:57+00:00,0,0,0,such a slow app,3.0,1.17.300,-0.15000000000000002,0.44999999999999996,negative
Google Play,review,Anushka Mahajan,,2026-01-19 19:49:52+00:00,0,0,0,"IT'S GOOD, CHALLENGING, BETTER THAN DOOMSCROLLING",5.0,1.17.300,0.5666666666666667,0.7000000000000001,positive
Google Play,review,Satyam,,2026-01-19 08:44:02+00:00,0,0,0,discarded,1.0,,0.0,0.0,neutral
Google Play,review,Sri Sraghvi Allamraju,,2026-01-18 23:04:08+00:00,0,0,0,I am stuck at tutorial the UI scaling is bad. pop ups go off my screen and I cannot even press next to finish the tutorials . I'm on s24 ultra. id like to share some images,1.0,1.17.300,-0.3499999999999999,0.3333333333333333,negative
Google Play,review,Aditya Kumar Barnwal,,2026-01-18 15:55:29+00:00,0,0,0,Very good app for students who love maths and calculations. And if you are bad in calculations you must try this app you will become fast and accurate in calculations in only 1 week. But it is Highly Addictive!!!. So make sure you can control yourself.,5.0,1.17.300,0.7262500000000001,0.7586111111111111,positive
Apple App Store,review,Fcmobilebssiowl,,2026-01-18 04:00:44+00:00,0,0,0,"Influencers getting shoes stuff and all and we are getting boots xp 
Well done matiks",1.0,1.17.200,0.0,0.0,neutral
Google Play,review,yashraj sharma,,2026-01-17 00:58:27+00:00,0,0,0,great game to play exercises mind so much but have some internet issues hope so they will be fixed in the next update,4.0,1.17.300,0.14,0.30999999999999994,positive
Google Play,review,Rashim Malhotra,,2026-01-16 18:45:32+00:00,0,0,0,A great app for people who want to improve themselves and test their math skills. I loved it,5.0,1.17.100,0.75,0.775,positive
Apple App Store,review,Sahil Nikam,,2026-01-16 14:22:45+00:00,0,0,0,Too many ads,1.0,1.17.200,0.5,0.5,positive
Apple App Store,review,Jb-Deloitte,,2026-01-13 16:17:14+00:00,0,0,0,"Installed the app after a video prompt. First impression: genuinely creative. Second impression: flooded with Tanmay and a lineup of post-COVID, algorithm-manufactured chapri creators. Deleted the app instantly. If you are actually great, stay far away from them.",1.0,1.17.100,0.275,0.625,positive
Apple App Store,review,Dickeater01,,2026-01-11 05:03:52+00:00,0,0,0,Crazy how this app made me do maths.,5.0,1.16.400,0.3,0.9,positive
Apple App Store,review,@gb0820,,2026-01-11 03:29:47+00:00,0,0,0,"Please bring back the race against clock unlimited variant.

I know nets are for that but the sheer randomness and no need for customisation deserves a comeback for us brainrot victims!!",5.0,1.16.400,0.0,0.375,neutral
Apple App Store,review,NameNick001@,,2026-01-10 15:58:09+00:00,0,0,0,"Interesting app with a solid idea and several good features.

I enjoyed it a lot during the first week, but over time the experience started to feel inconsistent. Some opponents play at a competitive level, while many others seem significantly weaker than their ratings, which makes matches less engaging. It also feels like a large proportion of games are against bots, likely due to a limited player base, and this reduces long-term interest.

Additionally, the app can occasionally become unresponsive, and in a competitive game this can affect match outcomes and be frustrating for players.

With improvements to matchmaking transparency, bot balancing, and overall responsiveness, this app has strong potential. I‚Äôd be happy to revisit it after these issues are addressed.",2.0,1.16.400,0.12316017316017316,0.5218073593073593,positive
Apple App Store,review,Testinggg9,,2026-01-10 13:20:56+00:00,0,0,0,"I would love if we have the capability to have bg music play while playing. Currently that stops that‚Äôs kinda bummer.


Plus please please please fix the visuals for 1 & 7, my brain goes in a paralysis in figuring which is what.",4.0,1.16.400,0.25,0.5,positive
Apple App Store,review,Svgupta4,,2026-01-08 15:23:25+00:00,0,0,0,Hats off to the dev given alot of effort in it love the app.,5.0,1.16.400,0.5,0.6,positive
Reddit,social,CalligrapherWild8247,https://reddit.com/r/iitg/comments/1pyxxcy/have_u_heard_about_matiks/,2025-12-29 20:56:59+00:00,20,18,0,"Have u heard about matiks
I'm tired of seeing those matiks ads everyday, so I downloaded to see what is it about , 
Damn it is so good , 
1min math duels are very addictive  , instant dopamine

After some research, i found out that founders are from IIT Guwahati 2022 batch 
Damn , am I the only one who was living under a rock?",,,0.5166666666666666,0.7611111111111111,positive
Apple App Store,review,Nacho Salamanca,,2025-12-27 17:16:34+00:00,0,0,0,"LinkedIn, Instagram and what not ‚Äî I've tried multiple platforms to connect with the customer support to get my account back but there has been no response at all. If by any chance the app people are reading this, I AM UNABLE TO LOGIN TO MY ACCOUNT THROUGH MY APPLE ID. Though you've already lost me as a loyal subscriber to the app, but if you still feel like helping it would be appreciated.",1.0,1.15.300,0.006666666666666665,0.28666666666666674,neutral
Apple App Store,review,kritimathur99,,2025-12-25 10:34:43+00:00,0,0,0,"Love the app, definitely the good kinda addiction",5.0,1.15.300,0.39999999999999997,0.5666666666666668,positive
Apple App Store,review,Levi player1,,2025-12-08 16:09:31+00:00,0,0,0,Don‚Äôt know if it‚Äôs a bug or something else but I‚Äôm unable to login to the app even after multiple attempts.,1.0,1.14.400,-0.25,0.25,negative
Apple App Store,review,Jsakshxm,,2025-12-01 19:41:21+00:00,0,0,0,This game has really increased cognitive response speed + it‚Äôs fun to play with your friends,5.0,1.14.100,0.033333333333333326,0.26666666666666666,neutral
Apple App Store,review,K123Ritesh,,2025-11-23 13:14:32+00:00,0,0,0,Too much good,5.0,1.14.000,0.7,0.6000000000000001,positive
Apple App Store,review,Dhayando,,2025-11-22 03:20:31+00:00,0,0,0,MG pro max,5.0,1.14.000,0.0,0.0,neutral
Apple App Store,review,ZeroMors,,2025-11-20 12:52:15+00:00,0,0,0,Crazy app,4.0,1.14.000,0.3,0.9,positive
Apple App Store,review,Vb1710,,2025-11-19 14:44:51+00:00,0,0,0,The chunking strategy exercises have transformed how I remember information.,5.0,1.14.000,0.0,0.0,neutral
Apple App Store,review,Hrshjh,,2025-11-19 07:11:16+00:00,0,0,0,IQ booster games,5.0,1.14.000,0.0,0.0,neutral
Apple App Store,review,Dakshmalhotra,,2025-11-19 04:18:19+00:00,0,0,0,best brain game,5.0,1.14.000,0.3,0.35,positive
Apple App Store,review,Terridax1234,,2025-11-18 14:52:38+00:00,0,0,0,"Gr8 initiative, excellent mind refreshing",5.0,1.14.000,0.75,1.0,positive
Apple App Store,review,HanikaS,,2025-11-18 13:30:43+00:00,0,0,0,"I‚Äôm not a ‚Äúmath girl‚Äù at all, but Matiks has become my quick go-to before any important meeting. I play a one-minute duels, get a nice little dopamine boost, and my brain genuinely feels sharper and more focused after. It doesn‚Äôt feel like studying just fun, fast games that somehow make my brain perform better. Plus the app is minimal, clean and not kiddish, so I actually enjoy opening it every day.",5.0,1.14.000,0.309375,0.5916666666666667,positive
Reddit,social,Haunting-Play2908,https://reddit.com/r/Indiangamers/comments/1p07p9i/finally_gained_matiks_rating_1600_after_playing/,2025-11-18 09:38:31+00:00,369,34,0,"Finally gained Matiks rating 1600 after playing for so long!
i have been grinding matiks daily for past 6 months started it to just get better at math (left maths after 10th) and do something more productive than just doomscrolling. got addicted with leaderboard and rankings in game (i get a mad dopamine rush everytime i win) and after playing it daily for past 6 months finally got 1600+ rating!!!!! Feels so good man",,,0.5341666666666667,0.46,positive
Apple App Store,review,iLeicoW,,2025-11-14 06:10:13+00:00,0,0,0,"Tr√®s sympa pour s‚Äôentra√Æner aux calculs mentaux, je recommande",5.0,1.13.000,0.0,0.0,neutral
Apple App Store,review,Basilisk ALPHA,,2025-11-06 07:06:01+00:00,0,0,0,"Just downloaded this app, had a bug or glitch occurring during changing my user name but the app is greatt",2.0,1.11.200,0.0,0.0,neutral
Reddit,social,vsshal7,https://reddit.com/r/Indiangamers/comments/1okr5ru/games_to_have_a_sharp_brain_matiks_chesscom/,2025-10-31 10:42:12+00:00,592,39,0,"games to have a sharp brain. matiks &amp; chess.com
I play both chess &amp; matiks. What i feel is chess is pretty cool. just that it takes a lot of time and its hard to keep paying attention for such a long time. matiks is more casual, fast paced. Its like several bite sized dopamine hits (like that rush when you win or finish challenges). imo neither is a substitute for each other but i just want to flex that i can play games like these well,, i knock out both for the fun of it plus the dopamine rush once i win is just next level",,,0.6405555555555555,0.478888888888889,positive
Apple App Store,review,YellowPurpleYellow,,2025-10-18 22:18:37+00:00,0,0,0,"This game would be much more fun if it wasn't trying to boost engagement by having people only play against bots, so they feel like they are winning. I don't really mind if that means the queues take longer, or people arent in my exact elo range.

Also the ranked elo should give you more or less than normal when you first make an account, so it can find your skill level.

This game also feels like it does steal a lot of assets from duolingo and chess.com which could pose an issue if it becomes big enough.",1.0,1.11.200,0.12023809523809523,0.41785714285714287,positive
Reddit,social,vsshal7,https://reddit.com/r/Indiangamers/comments/1nze5m5/matiks_bagged_31m_in_funding/,2025-10-06 09:12:43+00:00,242,45,0,"Matiks bagged $3.1M in funding
matiks, gaming startup, bagged major funding lately. For context of those who dont know its about live math duels, multiplayer challenge, sort of like word hunt &amp; chess meets maths. Was wondering with the real-money gaming facing bans lately, ofcourse games like this, like more skill games would arise. Good to see the shift in indian gaming landscape.",,,0.1331439393939394,0.55,positive
Apple App Store,review,Adi_slay,,2025-09-16 03:32:36+00:00,0,0,0,"Amazing amazing concept, clean af UI.. got me Hooked up like chesscom got me few years back",5.0,1.10.510,0.2733333333333334,0.52,positive
Apple App Store,review,AP_FCFE,,2025-09-08 15:27:04+00:00,0,0,0,"I‚Äôve tried a few apps, this one is the best one out there.",5.0,1.10.500,0.4,0.2,positive
Reddit,social,Chilly-777,https://reddit.com/r/IndianGaming/comments/1n428n5/my_girlfriend_keeps_beating_me_in_matiks_duels/,2025-08-30 13:55:35+00:00,399,55,0,"my girlfriend keeps beating me in matiks duels
we used to play chess duels but she didn't know how to play chess well. we downloaded matiks together while ago &amp; now she keeps beating me lol",,,0.8,0.7,positive
Reddit,social,AccomplishedLie7719,https://reddit.com/r/matiks/comments/1n32ofy/matiks_sent_me_a_cake_lol_for_100_days_streak/,2025-08-29 09:24:42+00:00,7,2,0,"Matiks sent me a cake lol, for 100 days streak!
So this post has been long pending as I've been waiting for the day I hit 100 days on Matiks. I was scrolling LinkedIn when I found the app, (drishtibution), but didn't really download it. However, someone posted a photo of them with cake for 100 day streak, and I was like, I want to do this üòÇ

In the last 107 days, I've seen this app change so much. I've followed them what they are doing, even used to send them feedbacks on the application. And yeah, it's been fun. My rating has been stable and haven't been able to increase it, but I still don't miss my streak. Fun to hai application. success of matiks feels personal 

It's been nice abhi tak, really want to get something on the 200 streak now, maybe not a cakeüòÇ

PS: Matiks team if you're reading this, the old UI was better, new one is badüò≠",,,0.2857575757575758,0.34974747474747475,positive
Apple App Store,review,Sid3144,,2025-08-25 13:37:44+00:00,0,0,0,Losing a lot of competitions because the keyboard takes time to register keypresses. Please fix it.,3.0,1.10.400,0.0,0.0,neutral
Reddit,social,Obvious-Fisherman998,https://reddit.com/r/Indiangamers/comments/1msqpuh/just_hit_a_21day_streak_in_the_daily_math_duel/,2025-08-17 13:18:39+00:00,263,27,0,"Just hit a 21-day streak in the daily math duel game Matiks
Been playing Matiks consistently for the past 3 weeks. It‚Äôs a math puzzle game with quick duels and group challenges. I usually spend around 30‚Äì50 minutes a day on it, solid mix of fun and focus.

The streak feels nice to maintain, especially on those tougher puzzle days and daily challenges.
What‚Äôs your current streak?",,,0.01410256410256409,0.36538461538461536,neutral
Reddit,social,Solenoidics,https://reddit.com/r/unitedstatesofindia/comments/1mrtki0/got_so_tired_of_seeing_matiks_on_my_twitter_and/,2025-08-16 12:15:40+00:00,459,35,0,"Got so tired of seeing matiks on my twitter and finally gave it a try.
kept seeing matiks on my twitter for weeks and honestly was gonna mute them cause it was getting annoying. finally gave in and downloaded it just to see what the hype was about‚Ä¶ and yeah i get it now. it‚Äôs like 1 min quick math duels with instant dopamine. I won a few games &amp; started chasing higher rating.¬† now i‚Äôm one of those people flexing my rating too üíÄ",,,-0.024074074074074088,0.6962962962962963,neutral
Apple App Store,review,A1997C,,2025-08-15 16:10:33+00:00,0,0,0,Amazing,5.0,1.10.400,0.6000000000000001,0.9,positive
Reddit,social,kuzuma-,https://reddit.com/r/GadgetsIndia/comments/1mksrl4/from_clash_royale_to_matiks_upgrading_my_mobile/,2025-08-08 11:34:38+00:00,238,35,0,"From clash royale to matiks - upgrading my mobile gaming experience on a low-end device
used to play Clash royale and other casual games on my low-end Android 9 device, but they often heated up my phone or were unsupported. I switched to web-based games like Skribbl and Wordle, which worked okay, but I got bored. Then i discovered Matiks, and it's been a game changer. puzzles are engaging, the UX is great, and it's pretty competitive.  Plus, it runs smoothly on my device. anyone else replaced clash royale for something new?",,,0.09613636363636363,0.654621212121212,positive
Apple App Store,review,Ghising Bro,,2025-07-13 12:02:09+00:00,0,0,0,Too much of push notifications.,2.0,1.9.000,0.2,0.2,positive
Apple App Store,review,Sid6780,,2025-07-09 10:10:11+00:00,0,0,0,"Loved it. Best app on app store, my 5 y/o son is getting good at maths",5.0,1.8.000,0.7999999999999999,0.5666666666666668,positive
Apple App Store,review,soodaryan,,2025-07-05 14:01:44+00:00,0,0,0,"Honestly, this app is a hidden gem. Super clean UI, no clutter, just gets to the point. I‚Äôve been using it for a bit now and it‚Äôs become part of my daily flow. I was literally the last person to ever be into doing maths in my fun time‚Ä¶. But after using Matiks for a while the puzzles are actually sooo interesting and addictive !! No bugs so far, and the updates actually improve the experience (rare these days). Keep it up, team this one‚Äôs solid!!!",5.0,1.8.000,0.6666666666666666,0.46190476190476193,positive
Apple App Store,review,"rishi,?",,2025-06-19 17:37:21+00:00,0,0,0,Please let me know how can i donate or contribute towards something to people who made this,5.0,1.8.000,0.0,0.0,neutral
Apple App Store,review,theLuffy01,,2025-06-05 08:31:10+00:00,0,0,0,Great app to sharp your brain,5.0,1.8.000,0.3375,0.75,positive
Apple App Store,review,Kavita Jha,,2025-06-02 04:42:05+00:00,0,0,0,"Lately I‚Äôve been noticing that the screen goes white randomly, sometimes mid match, thus affecting my rating.",2.0,1.8.000,-0.2,0.275,negative
Apple App Store,review,FR0_Y0,,2025-05-13 05:58:05+00:00,0,0,0,Only started playing a few weeks ago. I like how the game pushes you in a zone of focus once you‚Äôre in it. Looking forward to play more of it and often.,5.0,1.8.000,-0.025000000000000022,0.5,neutral
Apple App Store,review,Rushi :),,2025-05-07 03:04:13+00:00,0,0,0,This has been amazing. I‚Äôve been using this over a week now and I highly recommend this to everyone out there.,5.0,1.7.0,0.8800000000000001,0.72,positive
Apple App Store,review,Nikhil Tekwani,,2025-04-29 05:22:19+00:00,0,0,0,"I never thought I‚Äôd say this, but I‚Äôm addicted to a maths app! Matiks has completely transformed how I feel about maths. It used to be something I avoided, but since switching to this app, I‚Äôve actually started loving it. The way Matiks makes learning fun and interactive is incredible ‚Äì it doesn‚Äôt feel like studying at all. Plus, the app‚Äôs UI is clean, smooth, and really enjoyable to use. If maths has ever felt boring or difficult to you, give Matiks a try ‚Äî it might just change everything like it did for me.",5.0,1.7.0,0.10606060606060605,0.6318181818181817,positive
Apple App Store,review,wheredoigetnewnickname,,2025-04-16 09:45:44+00:00,0,0,0,Never have I ever felt refreshed after using an app. Matiks is mental face wash (wth!?). Whatever. It has my 5 stars.,5.0,1.7.0,-0.125,0.2,negative
Apple App Store,review,deepak.patil.10,,2025-04-03 10:42:04+00:00,0,0,0,"Math doesn‚Äôt need to be just subject in school, this literally makes math fun for me, with the added benefit of keeping me cognitively sound.",5.0,Test,0.17777777777777778,0.3111111111111111,positive
Apple App Store,review,killer4638,,2025-04-01 12:56:15+00:00,0,0,0,Amazing application to work on mental maths,5.0,Test,0.75,0.55,positive
Apple App Store,review,Vaarshik,,2025-03-12 10:55:45+00:00,0,0,0,"A matiks game a day, keeps brain rot away",5.0,1.0.400,0.3,0.4,positive
Apple App Store,review,Meyashsharma,,2025-03-10 13:50:40+00:00,0,0,0,UI is good but little complex and backend is slow that is very bad for new users submitting your answers taking more than 2-3 minutes even with a 300mbps connection.,2.0,1.0.352,-0.05159090909090907,0.5316017316017316,negative
Apple App Store,review,Samarth Saraswat,,2025-01-04 07:10:41+00:00,0,0,0,One of a kind app which keeps you mentally fit and helps you fight brain rot.,5.0,1.0.21,0.5,0.65,positive
Apple App Store,review,sofu.exe,,2024-12-19 12:58:43+00:00,0,0,0,Exactly what I needed to take my brain rot away,5.0,1.0.1,0.75,0.25,positive
Apple App Store,review,AB Satyaprakash,,2024-12-17 11:49:19+00:00,0,0,0,The best mental math app out there. Highly recommended,5.0,1.0,0.8533333333333333,0.3466666666666667,positive
Apple App Store,review,math.geeks,,2024-12-17 04:02:48+00:00,0,0,0,Best App for improving mental maths in a fun way,5.0,1.0,0.8999999999999999,0.2333333333333333,positive
